{
    "AnimationInfoTable": [
        {
            "Index": 0,
            "Name": "Skill01",
            "Acceleration": 41.70899963378906,
            "TransitionTime": 0.24500000476837159
        },
        {
            "Index": 1,
            "Name": "Skill02",
            "Acceleration": 31.066999435424806,
            "TransitionTime": 0.24500000476837159
        },
        {
            "Index": 2,
            "Name": "Skill03",
            "Acceleration": 25.006999969482423,
            "TransitionTime": 0.5
        }
    ]
}