{
    "Transform": {
        "Scale": [
            2.5100014209747316,
            0.6940000057220459,
            1.2530006170272828
        ],
        "Rotation": [
            6.24299955368042,
            1.532000184059143,
            7.029992580413818
        ]
    }
}