{
    "Transform": {
        "Scale": [
            0.11999999731779099,
            0.11999999731779099,
            0.11999999731779099
        ],
        "Rotation": [
            0.0,
            3.1899893283843996,
            0.0
        ]
    }
}