{
    "Transform": {
        "Scale": [
            2.978003740310669,
            1.9420042037963868,
            1.8400013446807862
        ],
        "Rotation": [
            0.0,
            0.0,
            0.0
        ]
    }
}