{
    "Transform": {
        "Scale": [
            0.30000001192092898,
            0.30000001192092898,
            0.30000001192092898
        ],
        "Rotation": [
            0.0,
            1.7269892692565919,
            0.0
        ]
    }
}