{
    "Transform": {
        "Scale": [
            1.0,
            1.0,
            1.0
        ],
        "Rotation": [
            8.932533264160157,
            21.805200576782228,
            0.0
        ]
    }
}