{
    "Transform": {
        "Scale": [
            0.07000000029802323,
            0.07000000029802323,
            0.07000000029802323
        ],
        "Rotation": [
            0.0,
            0.0,
            0.0
        ]
    }
}