{
    "Transform": {
        "Scale": [
            0.5,
            0.5,
            0.5
        ],
        "Rotation": [
            0.26099997758865359,
            0.009999969974160195,
            0.03700000047683716
        ]
    }
}