{
    "Decorators": [
        {
            "FileName": "SM_MERGED_Eltheca_Crystal_Gate01_1.FBX",
            "InstanceList": [
                {
                    "Scale": [
                        100.0,
                        100.0,
                        100.0
                    ],
                    "Rotation": [
                        1.5707963705062867,
                        0.0,
                        0.0
                    ],
                    "Location": [
                        41374.515625,
                        40122.64453125,
                        -32804.046875
                    ],
                    "bLandscapeInclude": false
                }
            ]
        },
        {
            "FileName": "GolemAnim.fbx",
            "InstanceList": [
                {
                    "Scale": [
                        100.0,
                        100.0,
                        100.0
                    ],
                    "Rotation": [
                        1.5707963705062867,
                        0.0,
                        0.0
                    ],
                    "Location": [
                        22614.78125,
                        17637.349609375,
                        -8726.65625
                    ],
                    "bLandscapeInclude": false
                },
                {
                    "Scale": [
                        100.0,
                        100.0,
                        100.0
                    ],
                    "Rotation": [
                        1.5707963705062867,
                        0.0,
                        0.0
                    ],
                    "Location": [
                        4162.4541015625,
                        -35698.29296875,
                        -3295.595458984375
                    ],
                    "bLandscapeInclude": false
                },
                {
                    "Scale": [
                        100.0,
                        100.0,
                        100.0
                    ],
                    "Rotation": [
                        1.5707963705062867,
                        0.0,
                        0.0
                    ],
                    "Location": [
                        37273.33203125,
                        -32649.154296875,
                        -4570.2646484375
                    ],
                    "bLandscapeInclude": false
                },
                {
                    "Scale": [
                        100.0,
                        100.0,
                        100.0
                    ],
                    "Rotation": [
                        1.5707963705062867,
                        0.0,
                        0.0
                    ],
                    "Location": [
                        -13083.5166015625,
                        -46123.57421875,
                        -4190.533203125
                    ],
                    "bLandscapeInclude": false
                },
                {
                    "Scale": [
                        100.0,
                        100.0,
                        100.0
                    ],
                    "Rotation": [
                        1.5707963705062867,
                        0.0,
                        0.0
                    ],
                    "Location": [
                        35307.47265625,
                        -33901.5859375,
                        -4173.88330078125
                    ],
                    "bLandscapeInclude": false
                },
                {
                    "Scale": [
                        100.0,
                        100.0,
                        100.0
                    ],
                    "Rotation": [
                        1.5707963705062867,
                        0.0,
                        0.0
                    ],
                    "Location": [
                        8439.6630859375,
                        -36229.76953125,
                        -2426.658203125
                    ],
                    "bLandscapeInclude": false
                },
                {
                    "Scale": [
                        100.0,
                        100.0,
                        100.0
                    ],
                    "Rotation": [
                        1.5707963705062867,
                        0.0,
                        0.0
                    ],
                    "Location": [
                        33351.515625,
                        -36908.296875,
                        -2724.815185546875
                    ],
                    "bLandscapeInclude": false
                },
                {
                    "Scale": [
                        100.0,
                        100.0,
                        100.0
                    ],
                    "Rotation": [
                        1.5707963705062867,
                        0.0,
                        0.0
                    ],
                    "Location": [
                        31454.43359375,
                        -34877.18359375,
                        -4126.92724609375
                    ],
                    "bLandscapeInclude": false
                }
            ]
        }
    ]
}