{
    "Offset": {
        "Scale": [
            0.6039876937866211,
            0.8950008749961853,
            1.1000010967254639
        ],
        "Rotation": [
            1.5539871454238892,
            0.0,
            1.655992865562439
        ],
        "Location": [
            0.0,
            1.505003571510315,
            0.0
        ]
    }
}