{
    "Offset": {
        "Scale": [
            1.0,
            1.0,
            1.0
        ],
        "Rotation": [
            1.6660008430480958,
            1.712017297744751,
            1.0710209608078003e-8
        ],
        "Location": [
            25.159820556640626,
            -29.85007667541504,
            1.9430010318756104
        ]
    }
}