{
    "Offset": {
        "Scale": [
            1.2079986333847047,
            1.2220014333724976,
            0.9439912438392639
        ],
        "Rotation": [
            52.013633728027347,
            9.942183494567871,
            3.518909454345703
        ],
        "Location": [
            131.28269958496095,
            5.934998989105225,
            10.335997581481934
        ]
    }
}