{
    "Offset": {
        "Scale": [
            1.2079986333847047,
            1.2220014333724976,
            0.9439912438392639
        ],
        "Rotation": [
            7.865057945251465,
            4.7970147132873539,
            3.203969717025757
        ],
        "Location": [
            84.8135757446289,
            2.554003953933716,
            -3.0650014877319338
        ]
    }
}