{
    "Offset": {
        "Scale": [
            0.7230092287063599,
            0.6490049362182617,
            0.5270089507102966
        ],
        "Rotation": [
            0.0,
            0.0,
            0.0
        ],
        "Location": [
            -9.109014511108399,
            31.837011337280275,
            49.02782440185547
        ]
    }
}