{
    "Offset": {
        "Scale": [
            0.8110066652297974,
            2.4709818363189699,
            0.7620043158531189
        ],
        "Rotation": [
            1.5689998865127564,
            -0.17499969899654389,
            0.024999871850013734
        ],
        "Location": [
            158.7995147705078,
            1.1460018157958985,
            23.31591796875
        ]
    }
}