{
    "Offset": {
        "Scale": [
            2.4690093994140627,
            1.2340017557144166,
            0.7780028581619263
        ],
        "Rotation": [
            0.4640001952648163,
            0.7220001220703125,
            0.17899999022483827
        ],
        "Location": [
            15.69500732421875,
            3.609998941421509,
            -11.126976013183594
        ]
    }
}