{
    "Offset": {
        "Scale": [
            0.7299870848655701,
            1.29500150680542,
            1.2110008001327515
        ],
        "Rotation": [
            1.5539871454238892,
            0.0,
            1.655992865562439
        ],
        "Location": [
            0.38199836015701296,
            1.8110007047653199,
            2.7129995822906496
        ]
    }
}