{
    "CellList": [
        {
            "Index": 10,
            "Point A": [
                22607.962890625,
                -30144.193359375,
                -6519.89013671875
            ],
            "Point B": [
                24353.177734375,
                -30040.853515625,
                -7025.1474609375
            ],
            "Point C": [
                22924.228515625,
                38134.24609375,
                -7557.35302734375
            ],
            "NeighborList": [
                11,
                12,
                13,
                14,
                15,
                16,
                17,
                18
            ],
            "MarkerSet": [
                28,
                29,
                30
            ]
        },
        {
            "Index": 11,
            "Point A": [
                26818.08203125,
                -32525.7578125,
                -6053.0400390625
            ],
            "Point B": [
                27695.005859375,
                -30532.30859375,
                -7095.45947265625
            ],
            "Point C": [
                28756.099609375,
                -32740.6328125,
                -5663.0322265625
            ],
            "NeighborList": [
                10,
                12,
                13,
                14,
                15,
                16,
                17,
                18
            ],
            "MarkerSet": [
                31,
                32,
                33
            ]
        },
        {
            "Index": 12,
            "Point A": [
                28811.2890625,
                -32536.734375,
                -5776.111328125
            ],
            "Point B": [
                34813.92578125,
                50847.8046875,
                -1480.83984375
            ],
            "Point C": [
                45343.0546875,
                42529.6015625,
                -3831.391357421875
            ],
            "NeighborList": [
                10,
                11,
                13,
                14,
                15,
                16,
                17,
                18
            ],
            "MarkerSet": [
                34,
                35,
                36
            ]
        },
        {
            "Index": 13,
            "Point A": [
                39743.65625,
                15044.5537109375,
                -5314.8125
            ],
            "Point B": [
                38167.96875,
                7310.14208984375,
                -5732.25390625
            ],
            "Point C": [
                30652.025390625,
                -29582.431640625,
                -7723.4169921875
            ],
            "NeighborList": [
                10,
                11,
                12,
                14,
                15,
                16,
                17,
                18
            ],
            "MarkerSet": [
                37,
                38,
                39
            ]
        },
        {
            "Index": 14,
            "Point A": [
                29472.009765625,
                -33253.18359375,
                -5276.5302734375
            ],
            "Point B": [
                30953.392578125,
                -31648.57421875,
                -6237.642578125
            ],
            "Point C": [
                30916.138671875,
                -33538.27734375,
                -5036.49365234375
            ],
            "NeighborList": [
                10,
                11,
                12,
                13,
                15,
                16,
                17,
                18
            ],
            "MarkerSet": [
                40,
                41,
                42
            ]
        },
        {
            "Index": 15,
            "Point A": [
                32441.1875,
                -36500.67578125,
                -3075.583984375
            ],
            "Point B": [
                35222.55859375,
                -33345.40234375,
                -4604.70458984375
            ],
            "Point C": [
                36529.0625,
                -38348.28515625,
                -1504.4371337890626
            ],
            "NeighborList": [
                10,
                11,
                12,
                13,
                14,
                16,
                17,
                18
            ],
            "MarkerSet": [
                43,
                44,
                45
            ]
        },
        {
            "Index": 16,
            "Point A": [
                38639.06640625,
                -37753.2265625,
                -1343.3941650390626
            ],
            "Point B": [
                38864.53125,
                -33594.54296875,
                -3554.37255859375
            ],
            "Point C": [
                42885.21484375,
                -33138.31640625,
                -2916.90673828125
            ],
            "NeighborList": [
                10,
                11,
                12,
                13,
                14,
                15,
                17,
                18
            ],
            "MarkerSet": [
                46,
                47,
                48
            ]
        },
        {
            "Index": 17,
            "Point A": [
                41762.55859375,
                -38843.3359375,
                -512.7235107421875
            ],
            "Point B": [
                44374.9765625,
                -34331.10546875,
                -2148.421875
            ],
            "Point C": [
                44418.5859375,
                -37848.73828125,
                -675.0640869140625
            ],
            "NeighborList": [
                10,
                11,
                12,
                13,
                14,
                15,
                16,
                18
            ],
            "MarkerSet": [
                49,
                50,
                51
            ]
        },
        {
            "Index": 18,
            "Point A": [
                45386.95703125,
                -38420.51953125,
                -334.6203308105469
            ],
            "Point B": [
                46656.5234375,
                -33705.2109375,
                -2005.8953857421876
            ],
            "Point C": [
                47405.921875,
                -37422.3359375,
                -456.051513671875
            ],
            "NeighborList": [
                10,
                11,
                12,
                13,
                14,
                15,
                16,
                17
            ],
            "MarkerSet": [
                52,
                53,
                54
            ]
        }
    ],
    "MarkerList": [
        {
            "Index": 28,
            "Location": [
                22607.962890625,
                -30144.193359375,
                -6519.89013671875
            ],
            "SharedCellIndexList": [
                10
            ]
        },
        {
            "Index": 29,
            "Location": [
                24353.177734375,
                -30040.853515625,
                -7025.1474609375
            ],
            "SharedCellIndexList": [
                10
            ]
        },
        {
            "Index": 30,
            "Location": [
                22924.228515625,
                38134.24609375,
                -7557.35302734375
            ],
            "SharedCellIndexList": [
                10
            ]
        },
        {
            "Index": 31,
            "Location": [
                26818.08203125,
                -32525.7578125,
                -6053.0400390625
            ],
            "SharedCellIndexList": [
                11
            ]
        },
        {
            "Index": 32,