{
    "CellList": [
        {
            "Index": 1,
            "Point A": [
                -37.397621154785159,
                -13.076590538024903,
                -93.99343872070313
            ],
            "Point B": [
                -30.089723587036134,
                -13.066457748413086,
                -106.71922302246094
            ],
            "Point C": [
                -28.57444190979004,
                -13.082847595214844,
                -86.09699249267578
            ],
            "NeighborList": [
                2,
                3,
                4,
                5,
                6
            ],
            "MarkerSet": [
                1,
                2,
                3
            ]
        },
        {
            "Index": 2,
            "Point A": [
                -43.81593322753906,
                4.088291645050049,
                -95.01145935058594
            ],
            "Point B": [
                -43.753990173339847,
                -2.449620008468628,
                -99.0770034790039
            ],
            "Point C": [
                -43.95672607421875,
                -2.6421010494232179,
                -85.78775024414063
            ],
            "NeighborList": [
                1,
                3,
                4,
                5,
                6
            ],
            "MarkerSet": [
                4,
                5,
                6
            ]
        },
        {
            "Index": 3,
            "Point A": [
                -27.58806800842285,
                13.213851928710938,
                -78.31318664550781
            ],
            "Point B": [
                -32.54188919067383,
                13.222188949584961,
                -88.76429748535156
            ],
            "Point C": [
                -36.79566192626953,
                13.209547996520996,
                -72.88838195800781
            ],
            "NeighborList": [
                1,
                2,
                4,
                5,
                6
            ],
            "MarkerSet": [
                7,
                8,
                9
            ]
        },
        {
            "Index": 4,
            "Point A": [
                -28.57444190979004,
                -13.082847595214844,
                -86.09699249267578
            ],
            "Point B": [
                -30.089723587036134,
                -13.066457748413086,
                -106.71922302246094
            ],
            "Point C": [
                -24.16702651977539,
                -13.0806884765625,
                -88.83749389648438
            ],
            "NeighborList": [
                1,
                2,
                3,
                5,
                6
            ],
            "MarkerSet": [
                3,
                2,
                10
            ]
        },
        {
            "Index": 5,
            "Point A": [
                -4.028385162353516,
                -0.5663129091262817,
                -75.63928985595703
            ],
            "Point B": [
                -3.199657678604126,
                -13.092205047607422,
                -74.36454010009766
            ],
            "Point C": [
                -12.76326847076416,
                11.023024559020996,
                -73.92479705810547
            ],
            "NeighborList": [
                1,
                2,
                3,
                4,
                6
            ],
            "MarkerSet": [
                11,
                12,
                13
            ]
        },
        {
            "Index": 6,
            "Point A": [
                16.496566772460939,
                0.3889089524745941,
                -72.69576263427735
            ],
            "Point B": [
                8.405033111572266,
                -5.522764205932617,
                -75.0670166015625
            ],
            "Point C": [
                4.110095977783203,
                6.89371395111084,
                -75.62255859375
            ],
            "NeighborList": [
                1,
                2,
                3,
                4,
                5
            ],
            "MarkerSet": [
                14,
                15,
                16
            ]
        }
    ],
    "MarkerList": [
        {
            "Index": 1,
            "Location": [
                -37.397621154785159,
                -13.076590538024903,
                -93.99343872070313
            ],
            "SharedCellIndexList": [
                1
            ]
        },
        {
            "Index": 2,
            "Location": [
                -30.089723587036134,
                -13.066457748413086,
                -106.71922302246094
            ],
            "SharedCellIndexList": [
                1,
                4
            ]
        },
        {
            "Index": 3,
            "Location": [
                -28.57444190979004,
                -13.082847595214844,
                -86.09699249267578
            ],
            "SharedCellIndexList": [
                1,
                4
            ]
        },
        {
            "Index": 4,
            "Location": [
                -43.81593322753906,
                4.088291645050049,
                -95.01145935058594
            ],
            "SharedCellIndexList": [
                2
            ]
        },
        {
            "Index": 5,
            "Location": [
                -43.753990173339847,
                -2.449620008468628,
                -99.0770034790039
            ],
            "SharedCellIndexList": [
                2
            ]
        },
        {
            "Index": 6,
            "Location": [
                -43.95672607421875,
                -2.6421010494232179,
                -85.78775024414063
            ],
            "SharedCellIndexList": [
                2
            ]
        },
        {
            "Index": 7,
            "Location": [
                -27.58806800842285,
                13.213851928710938,
                -78.31318664550781
            ],
            "SharedCellIndexList": [
                3
            ]
        },
        {
            "Index": 8,
            "Location": [
                -32.54188919067383,
                13.222188949584961,
                -88.76429748535156
            ],
            "SharedCellIndexList": [
                3
            ]
        },
        {
            "Index": 9,
            "Location": [
                -36.79566192626953,
                13.209547996520996,
                -72.88838195800781
            ],
            "SharedCellIndexList": [
                3
            ]
        },
        {
            "Index": 10,
            "Location": [
                -24.16702651977539,
                -13.0806884765625,
                -88.83749389648438
            ],
            "SharedCellIndexList": [
                4
            ]
        },
        {
            "Index": 11,
            "Location": [
                -4.028385162353516,
                -0.5663129091262817,
                -75.63928985595703
            ],
            "SharedCellIndexList": [
                5
            ]
        },
        {
            "Index": 12,
            "Location": [
                -3.199657678604126,
                -13.092205047607422,
                -74.36454010009766
            ],
            "SharedCellIndexList": [
                5
            ]
        },
        {
            "Index": 13,
            "Location": [
                -12.76326847076416,
                11.023024559020996,
                -73.92479705810547
            ],
            "SharedCellIndexList": [
                5
            ]
        },
        {
            "Index": 14,